{"cameraMode":{"drawMode":0,"name":"Shaded","section":"Shading Mode"},"sceneLighting":false,"audioPlay":false,"sceneViewState":{"m_AlwaysRefresh":false,"showFog":true,"showSkybox":false,"showFlares":true,"showImageEffects":true,"showParticleSystems":true,"showVisualEffectGraphs":true,"m_FxEnabled":true},"in2DMode":false,"pivot":{"x":-12.061773300170899,"y":0.22026348114013673,"z":18.005903244018556},"rotation":{"x":0.00719087990000844,"y":-0.0006648456328548491,"z":-0.000004355855253379559,"w":-1.0000905990600587},"size":21.520729064941408,"orthographic":false}